"","deliver_sum","receive_sum","trend_statistic","cov_statistic"
"1",0.290093269319837,0.321794063258662,0.181792358488798,0.206320308932702
